location_norm,avg_price_per_sqft,matched_sublocalities
banashankari,8530.14,17
banaswadi,5897.11,5
bannerghatta road,5917.36,1
basaveshwara nagar,11157.47,3
bellandur,5920.43,2
bommanahalli,4608.01,3
brigade road,15492.96,1
brookefield,6907.98,1
btm,9638.19,6
church street,16450.81,1
cunningham road,20632.48,1
cv raman nagar,5998.91,1
domlur,10427.86,3
ejipura,7548.71,1
electronic city,4385.04,7
frazer town,10335.89,1
hbr layout,10308.74,6
hebbal,7764.79,2
hennur,6008.69,7
hosur road,5715.97,3
hsr,9296.08,9
indiranagar,26666.67,1
infantry road,14605.99,1
jalahalli,6285.78,3
jayanagar,12067.41,13
jp nagar,6968.38,17
kaggadasapura,4412.1,1
kalyan nagar,6316.07,1
kammanahalli,8488.25,3
kanakapura road,4928.75,3
kengeri,4836.6,6
koramangala,11880.21,11
kr puram,5604.76,2
langford town,8669.96,1
lavelle road,15369.13,1
magadi road,5781.22,1
malleshwaram,13815.51,1
marathahalli,6054.1,1
mysore road,6638.08,1
nagarbhavi,12488.13,5
nagawara,8359.77,1
old airport road,7689.66,3
old madras road,5687.14,2
peenya,6660.82,2
race course road,15315.79,1
rajarajeshwari nagar,13735.71,3
richmond road,18000.0,1
sahakara nagar,7530.19,1
sanjay nagar,8275.31,1
sarjapur road,35205.85,3
seshadripuram,11346.76,1
shanti nagar,9520.62,1
thippasandra,10611.91,2
ulsoor,10164.46,1
uttarahalli,4891.56,1
vasanth nagar,24129.23,1
vijay nagar,12644.93,2
whitefield,6831.48,5
wilson garden,12182.84,1
yelahanka,5505.76,5
